Tidspunkt;Kolonnetemp. (°C);Produktdensitet (kg/m³);Tilbageløb (m³/h);Status
27-10-2024 00:00;78,00;812,0;3,500;Prøve
27-10-2024 00:01;78,05;812,0;3,500;Drift
27-10-2024 00:02;78,10;811,9;3,499;Drift
27-10-2024 00:03;78,15;811,9;3,498;Drift
27-10-2024 00:04;78,20;811,8;3,496;Drift
27-10-2024 00:05;78,25;811,8;3,494;Drift
27-10-2024 00:06;78,30;811,7;3,491;Drift
27-10-2024 00:07;78,35;811,6;3,488;Drift
27-10-2024 00:08;78,40;811,6;3,485;Drift
27-10-2024 00:09;78,45;811,5;3,481;Drift
27-10-2024 00:10;78,49;811,5;3,476;Drift
27-10-2024 00:11;78,54;811,4;3,471;Drift
27-10-2024 00:12;78,59;811,3;3,466;Drift
27-10-2024 00:13;78,64;811,2;3,460;Drift
27-10-2024 00:14;78,69;811,2;3,454;Drift
27-10-2024 00:15;78,73;811,1;3,448;Drift
27-10-2024 00:16;78,78;811,0;3,441;Drift
27-10-2024 00:17;78,82;810,9;3,433;Drift
27-10-2024 00:18;78,87;810,8;3,426;Drift
27-10-2024 00:19;78,91;810,7;3,417;Drift
27-10-2024 00:20;78,96;810,6;3,409;Drift
27-10-2024 00:21;79,00;810,5;3,400;Drift
27-10-2024 00:22;79,05;810,4;3,391;Drift
27-10-2024 00:23;79,09;810,3;3,382;Drift
27-10-2024 00:24;79,13;810,2;3,372;Drift
27-10-2024 00:25;79,17;810,2;3,362;Drift
27-10-2024 00:26;79,21;810,1;3,352;Drift
27-10-2024 00:27;79,25;810,0;3,341;Drift
27-10-2024 00:28;79,29;809,9;3,331;Drift
27-10-2024 00:29;79,33;809,8;3,320;Drift
27-10-2024 00:30;79,36;809,8;3,309;Drift
27-10-2024 00:31;79,40;809,7;3,297;Drift
27-10-2024 00:32;79,43;809,6;3,286;Drift
27-10-2024 00:33;79,47;809,6;3,274;Drift
27-10-2024 00:34;79,50;809,5;3,263;Drift
27-10-2024 00:35;79,54;809,5;3,251;Drift
27-10-2024 00:36;79,57;809,5;3,239;Drift
27-10-2024 00:37;79,60;809,4;3,227;Drift
27-10-2024 00:38;79,63;809,4;3,215;Drift
27-10-2024 00:39;79,66;809,4;3,203;Drift
27-10-2024 00:40;79,68;809,4;3,191;Drift
27-10-2024 00:41;79,71;809,4;3,179;Drift
27-10-2024 00:42;79,73;809,3;3,167;Drift
27-10-2024 00:43;79,76;809,3;3,155;Drift
27-10-2024 00:44;79,78;809,3;3,144;Drift
27-10-2024 00:45;79,80;809,3;3,132;Drift
27-10-2024 00:46;79,83;809,3;3,120;Drift
27-10-2024 00:47;79,85;809,3;3,109;Drift
27-10-2024 00:48;79,86;809,3;3,097;Drift
27-10-2024 00:49;79,88;809,3;3,086;Drift
27-10-2024 00:50;79,90;809,3;3,075;Drift
27-10-2024 00:51;79,91;809,3;3,064;Drift
27-10-2024 00:52;79,93;809,3;3,054;Drift
27-10-2024 00:53;79,94;809,3;3,043;Drift
27-10-2024 00:54;79,95;809,3;3,033;Drift
27-10-2024 00:55;79,96;809,3;3,023;Drift
27-10-2024 00:56;79,97;809,2;3,014;Drift
27-10-2024 00:57;79,98;809,2;3,005;Drift
27-10-2024 00:58;79,99;809,2;2,996;Drift
27-10-2024 00:59;79,99;809,2;2,987;Drift
27-10-2024 01:00;79,99;809,2;2,979;Drift
27-10-2024 01:01;80,00;809,1;2,971;Drift
27-10-2024 01:02;80,00;809,1;2,963;Drift
27-10-2024 01:03;80,00;809,1;2,956;Drift
27-10-2024 01:04;80,00;809,1;2,949;Drift
27-10-2024 01:05;80,00;809,0;2,943;Drift
27-10-2024 01:06;79,99;809,0;2,937;Drift
27-10-2024 01:07;79,99;809,0;2,931;Drift
27-10-2024 01:08;79,98;809,0;2,926;Drift
27-10-2024 01:09;79,98;809,0;2,922;Drift
27-10-2024 01:10;79,97;808,9;2,917;Drift
27-10-2024 01:11;79,96;808,9;2,914;Drift
27-10-2024 01:12;79,95;808,9;2,910;Drift
27-10-2024 01:13;79,94;808,9;2,907;Drift
27-10-2024 01:14;79,92;808,9;2,905;Drift
27-10-2024 01:15;79,91;808,9;2,903;Drift
27-10-2024 01:16;79,89;809,0;2,902;Drift
27-10-2024 01:17;79,88;809,0;2,901;Drift
27-10-2024 01:18;79,86;809,0;2,900;Drift
27-10-2024 01:19;79,84;809,1;2,900;Drift
27-10-2024 01:20;79,82;809,1;2,901;Drift
27-10-2024 01:21;79,80;809,1;2,901;Drift
27-10-2024 01:22;79,77;809,2;2,903;Drift
27-10-2024 01:23;79,75;809,2;2,905;Drift
27-10-2024 01:24;79,73;809,3;2,907;Drift
27-10-2024 01:25;79,70;809,4;2,910;Drift
27-10-2024 01:26;79,67;809,4;2,913;Drift
27-10-2024 01:27;79,65;809,5;2,917;Drift
27-10-2024 01:28;79,62;809,6;2,921;Drift
27-10-2024 01:29;79,59;809,6;2,926;Drift
27-10-2024 01:30;79,56;809,7;2,931;Drift
27-10-2024 01:31;79,52;809,8;2,936;Drift
27-10-2024 01:32;79,49;809,9;2,942;Drift
27-10-2024 01:33;79,46;809,9;2,949;Drift
27-10-2024 01:34;79,42;810,0;2,956;Drift
27-10-2024 01:35;79,39;810,1;2,963;Drift
27-10-2024 01:36;79,35;810,2;2,970;Drift
27-10-2024 01:37;79,31;810,2;2,978;Prøve
27-10-2024 01:38;79,28;810,3;2,986;Drift
27-10-2024 01:39;79,24;810,3;2,995;Drift
27-10-2024 01:40;79,20;810,4;3,004;Drift
27-10-2024 01:41;79,16;810,5;3,013;Drift
27-10-2024 01:42;79,12;810,5;3,023;Drift
27-10-2024 01:43;79,07;810,6;3,032;Drift
27-10-2024 01:44;79,03;810,6;3,043;Drift
27-10-2024 01:45;78,99;810,6;3,053;Drift
27-10-2024 01:46;78,94;810,7;3,063;Drift
27-10-2024 01:47;78,90;810,7;3,074;Drift
27-10-2024 01:48;78,85;810,8;3,085;Drift
27-10-2024 01:49;78,81;810,8;3,096;Drift
27-10-2024 01:50;78,76;810,9;3,108;Drift
27-10-2024 01:51;78,72;810,9;3,119;Drift
27-10-2024 01:52;78,67;810,9;3,131;Drift
27-10-2024 01:53;78,62;811,0;3,143;Drift
27-10-2024 01:54;78,57;811,0;3,154;Drift
27-10-2024 01:55;78,53;811,1;3,166;Drift
27-10-2024 01:56;78,48;811,1;3,178;Drift
27-10-2024 01:57;78,43;811,2;3,190;Drift
27-10-2024 01:58;78,38;811,2;3,202;Drift
27-10-2024 01:59;78,33;811,3;3,214;Drift
27-10-2024 02:00;78,28;811,4;3,226;Drift
27-10-2024 02:01;78,23;811,5;3,238;Drift
27-10-2024 02:02;78,18;811,5;3,250;Drift
27-10-2024 02:03;78,13;811,6;3,262;Drift
27-10-2024 02:04;78,08;811,7;3,274;Drift
27-10-2024 02:05;78,03;811,8;3,285;Drift
27-10-2024 02:06;77,98;811,9;3,297;Drift
27-10-2024 02:07;77,93;812,0;3,308;Drift
27-10-2024 02:08;77,88;812,1;3,319;Drift
27-10-2024 02:09;77,83;812,2;3,330;Drift
27-10-2024 02:10;77,78;812,3;3,341;Drift
27-10-2024 02:11;77,73;812,4;3,351;Drift
27-10-2024 02:12;77,68;812,5;3,361;Drift
27-10-2024 02:13;77,64;812,6;3,371;Drift
27-10-2024 02:14;77,59;812,7;3,381;Drift
27-10-2024 02:15;77,54;812,8;3,390;Drift
27-10-2024 02:16;77,49;812,9;3,400;Drift
27-10-2024 02:17;77,44;813,0;3,408;Drift
27-10-2024 02:18;77,39;813,1;3,417;Drift
27-10-2024 02:19;77,35;813,2;3,425;Drift
27-10-2024 02:20;77,30;813,2;3,433;Drift
27-10-2024 02:21;77,25;813,3;3,440;Drift
27-10-2024 02:22;77,21;813,4;3,447;Drift
27-10-2024 02:23;77,16;813,5;3,454;Drift
27-10-2024 02:24;77,11;813,5;3,460;Drift
27-10-2024 02:25;77,07;813,6;3,466;Drift
27-10-2024 02:26;77,03;813,6;3,471;Drift
27-10-2024 02:27;76,98;813,7;3,476;Drift
27-10-2024 02:28;76,94;813,7;3,480;Drift
27-10-2024 02:29;76,90;813,8;3,484;Drift
27-10-2024 02:30;76,86;813,8;3,488;Drift
27-10-2024 02:31;76,82;813,9;3,491;Drift
27-10-2024 02:32;76,78;813,9;3,494;Drift
27-10-2024 02:33;76,74;813,9;3,496;Drift
27-10-2024 02:34;76,70;814,0;3,498;Drift
27-10-2024 02:35;76,66;814,0;3,499;Drift
27-10-2024 02:36;76,62;814,0;3,500;Drift
27-10-2024 02:37;76,59;814,0;3,500;Drift
27-10-2024 02:38;76,55;814,1;3,500;Drift
27-10-2024 02:39;76,52;814,1;3,499;Drift
27-10-2024 02:40;76,49;814,1;3,498;Drift
27-10-2024 02:41;76,45;814,1;3,496;Drift
27-10-2024 02:42;76,42;814,2;3,494;Drift
27-10-2024 02:43;76,39;814,2;3,492;Drift
27-10-2024 02:44;76,36;814,3;3,489;Drift
27-10-2024 02:45;76,34;814,3;3,485;Drift
27-10-2024 02:46;76,31;814,3;3,481;Drift
27-10-2024 02:47;76,28;814,4;3,477;Drift
27-10-2024 02:48;76,26;814,4;3,472;Drift
27-10-2024 02:49;76,23;814,5;3,467;Drift
27-10-2024 02:50;76,21;814,5;3,461;Drift
27-10-2024 02:51;76,19;814,6;3,455;Drift
27-10-2024 02:52;76,17;814,6;3,448;Drift
27-10-2024 02:53;76,15;814,7;3,441;Drift
27-10-2024 02:54;76,13;814,8;3,434;Drift
27-10-2024 02:55;76,11;814,8;3,426;Drift
27-10-2024 02:56;76,10;814,9;3,418;Drift
27-10-2024 02:57;76,08;814,9;3,410;Drift
27-10-2024 02:58;76,07;815,0;3,401;Drift
27-10-2024 02:59;76,06;815,0;3,392;Drift
27-10-2024 02:00;76,04;815,0;3,383;Drift
27-10-2024 02:01;76,04;815,1;3,373;Drift
27-10-2024 02:02;76,03;815,1;3,363;Drift
27-10-2024 02:03;76,02;815,1;3,353;Drift
27-10-2024 02:04;76,01;815,2;3,342;Drift
27-10-2024 02:05;76,01;815,2;3,332;Drift
27-10-2024 02:06;76,00;815,2;3,321;Drift
27-10-2024 02:07;76,00;815,2;3,310;Drift
27-10-2024 02:08;76,00;815,2;3,298;Drift
27-10-2024 02:09;76,00;815,2;3,287;Drift
27-10-2024 02:10;76,00;815,2;3,275;Drift
27-10-2024 02:11;76,00;815,2;3,264;Drift
27-10-2024 02:12;76,01;815,1;3,252;Drift
27-10-2024 02:13;76,01;815,1;3,240;Drift
27-10-2024 02:14;76,02;815,1;3,228;Prøve
27-10-2024 02:15;76,03;815,0;3,216;Drift
27-10-2024 02:16;76,04;815,0;3,204;Drift
27-10-2024 02:17;76,05;815,0;3,192;Drift
27-10-2024 02:18;76,06;814,9;3,180;Drift
27-10-2024 02:19;76,07;814,9;3,168;Drift
27-10-2024 02:20;76,08;814,8;3,156;Drift
27-10-2024 02:21;76,10;814,8;3,145;Drift
27-10-2024 02:22;76,11;814,7;3,133;Drift
27-10-2024 02:23;76,13;814,7;3,121;Drift
27-10-2024 02:24;76,15;814,6;3,110;Drift
27-10-2024 02:25;76,17;814,6;3,098;Drift
27-10-2024 02:26;76,19;814,5;3,087;Drift
27-10-2024 02:27;76,21;814,5;3,076;Drift
27-10-2024 02:28;76,23;814,5;3,065;Drift
27-10-2024 02:29;76,26;814,4;3,055;Drift
27-10-2024 02:30;76,28;814,4;3,044;Drift
27-10-2024 02:31;76,31;814,3;3,034;Drift
27-10-2024 02:32;76,34;814,3;3,024;Drift
27-10-2024 02:33;76,36;814,3;3,015;Drift
27-10-2024 02:34;76,39;814,3;3,005;Drift
27-10-2024 02:35;76,42;814,2;2,996;Drift
27-10-2024 02:36;76,45;814,2;2,988;Drift
27-10-2024 02:37;76,49;814,2;2,979;Drift
27-10-2024 02:38;76,52;814,2;2,971;Drift
27-10-2024 02:39;76,55;814,1;2,964;Drift
27-10-2024 02:40;76,59;814,1;2,957;Drift
27-10-2024 02:41;76,62;814,1;2,950;Drift
27-10-2024 02:42;76,66;814,1;2,943;Drift
27-10-2024 02:43;76,70;814,0;2,937;Drift
27-10-2024 02:44;76,74;814,0;2,932;Drift
27-10-2024 02:45;76,78;814,0;2,927;Drift
27-10-2024 02:46;76,82;813,9;2,922;Drift
27-10-2024 02:47;76,86;813,9;2,918;Drift
27-10-2024 02:48;76,90;813,8;2,914;Drift
27-10-2024 02:49;76,94;813,8;2,910;Drift
27-10-2024 02:50;76,98;813,7;2,908;Drift
27-10-2024 02:51;77,03;813,7;2,905;Drift
27-10-2024 02:52;77,07;813,6;2,903;Drift
27-10-2024 02:53;77,12;813,5;2,902;Drift
27-10-2024 02:54;77,16;813,4;2,901;Drift
27-10-2024 02:55;77,21;813,4;2,900;Drift
27-10-2024 02:56;77,25;813,3;2,900;Drift
27-10-2024 02:57;77,30;813,2;2,900;Drift
27-10-2024 02:58;77,35;813,1;2,901;Drift
27-10-2024 02:59;77,39;813,0;2,903;Drift
27-10-2024 03:00;77,44;812,9;2,905;Drift
27-10-2024 03:01;77,49;812,8;2,907;Drift
27-10-2024 03:02;77,54;812,7;2,910;Drift
27-10-2024 03:03;77,59;812,6;2,913;Drift
27-10-2024 03:04;77,64;812,5;2,917;Drift
27-10-2024 03:05;77,68;812,4;2,921;Drift
27-10-2024 03:06;77,73;812,3;2,925;Drift
27-10-2024 03:07;77,78;812,2;2,931;Drift
27-10-2024 03:08;77,83;812,1;2,936;Drift
27-10-2024 03:09;77,88;812,0;2,942;Drift
27-10-2024 03:10;77,93;811,9;2,948;Drift
27-10-2024 03:11;77,98;811,8;2,955;Drift
27-10-2024 03:12;78,03;811,8;2,962;Drift
27-10-2024 03:13;78,08;811,7;2,970;Drift
27-10-2024 03:14;78,13;811,6;2,977;Drift
27-10-2024 03:15;78,18;811,5;2,986;Drift
27-10-2024 03:16;78,23;811,5;2,994;Drift
27-10-2024 03:17;78,28;811,4;3,003;Drift
27-10-2024 03:18;78,33;811,4;3,012;Drift
27-10-2024 03:19;78,38;811,3;3,022;Drift
27-10-2024 03:20;78,43;811,2;3,032;Drift
27-10-2024 03:21;78,48;811,2;3,042;Drift
27-10-2024 03:22;78,53;811,2;3,052;Drift
27-10-2024 03:23;78,58;811,1;3,063;Drift
27-10-2024 03:24;78,62;811,1;3,073;Drift
27-10-2024 03:25;78,67;811,0;3,084;Drift
27-10-2024 03:26;78,72;811,0;3,096;Drift
27-10-2024 03:27;78,76;810,9;3,107;Drift
27-10-2024 03:28;78,81;810,9;3,118;Drift
27-10-2024 03:29;78,86;810,9;3,130;Drift
27-10-2024 03:30;78,90;810,8;3,142;Drift
27-10-2024 03:31;78,94;810,8;3,154;Drift
27-10-2024 03:32;78,99;810,7;3,165;Drift
27-10-2024 03:33;79,03;810,6;3,177;Drift
27-10-2024 03:34;79,07;810,6;3,189;Drift
27-10-2024 03:35;79,12;810,5;3,201;Drift
27-10-2024 03:36;79,16;810,5;3,213;Drift
27-10-2024 03:37;79,20;810,4;3,225;Drift
27-10-2024 03:38;79,24;810,3;3,237;Drift
27-10-2024 03:39;79,28;810,3;3,249;Drift
27-10-2024 03:40;79,31;810,2;3,261;Drift
27-10-2024 03:41;79,35;810,1;3,273;Drift
27-10-2024 03:42;79,39;810,0;3,284;Drift
27-10-2024 03:43;79,42;809,9;3,296;Drift
27-10-2024 03:44;79,46;809,9;3,307;Drift
27-10-2024 03:45;79,49;809,8;3,318;Drift
27-10-2024 03:46;79,52;809,7;3,329;Drift
27-10-2024 03:47;79,56;809,6;3,340;Drift
27-10-2024 03:48;79,59;809,6;3,350;Drift
27-10-2024 03:49;79,62;809,5;3,360;Drift
27-10-2024 03:50;79,65;809,4;3,370;Drift
27-10-2024 03:51;79,67;809,4;3,380;Prøve
27-10-2024 03:52;79,70;809,3;3,390;Drift
27-10-2024 03:53;79,73;809,2;3,399;Drift
27-10-2024 03:54;79,75;809,2;3,408;Drift
27-10-2024 03:55;79,77;809,1;3,416;Drift
27-10-2024 03:56;79,80;809,1;3,424;Drift
27-10-2024 03:57;79,82;809,1;3,432;Drift
27-10-2024 03:58;79,84;809,0;3,439;Drift
27-10-2024 03:59;79,86;809,0;3,447;Drift
27-10-2024 04:00;79,88;809,0;3,453;Drift
27-10-2024 04:01;79,89;809,0;3,459;Drift
27-10-2024 04:02;79,91;809,0;3,465;Drift
27-10-2024 04:03;79,92;809,0;3,471;Drift
27-10-2024 04:04;79,94;809,0;3,476;Drift
27-10-2024 04:05;79,95;809,0;3,480;Drift
27-10-2024 04:06;79,96;809,0;3,484;Drift
27-10-2024 04:07;79,97;809,0;3,488;Drift
27-10-2024 04:08;79,98;809,0;3,491;Drift
27-10-2024 04:09;79,98;809,1;3,494;Drift
27-10-2024 04:10;79,99;809,1;3,496;Drift
27-10-2024 04:11;79,99;809,1;3,498;Drift
27-10-2024 04:12;80,00;809,1;3,499;Drift
27-10-2024 04:13;80,00;809,1;3,500;Drift
27-10-2024 04:14;80,00;809,2;3,500;Drift
27-10-2024 04:15;80,00;809,2;3,500;Drift
27-10-2024 04:16;80,00;809,2;3,499;Drift
27-10-2024 04:17;79,99;809,2;3,498;Drift
27-10-2024 04:18;79,99;809,2;3,496;Drift
27-10-2024 04:19;79,99;809,2;3,494;Drift
27-10-2024 04:20;79,98;809,2;3,492;Drift
27-10-2024 04:21;79,97;809,2;3,489;Drift
27-10-2024 04:22;79,96;809,2;3,485;Drift
27-10-2024 04:23;79,95;809,2;3,481;Drift
27-10-2024 04:24;79,94;809,2;3,477;Drift
27-10-2024 04:25;79,93;809,2;3,472;Drift
27-10-2024 04:26;79,91;809,2;3,467;Drift
27-10-2024 04:27;79,90;809,2;3,461;Drift
27-10-2024 04:28;79,88;809,2;3,455;Drift
27-10-2024 04:29;79,86;809,2;3,449;Drift
27-10-2024 04:30;79,85;809,2;3,442;Drift
27-10-2024 04:31;79,83;809,2;3,434;Drift
27-10-2024 04:32;79,80;809,2;3,427;Drift
27-10-2024 04:33;79,78;809,2;3,419;Drift
27-10-2024 04:34;79,76;809,3;3,410;Drift
27-10-2024 04:35;79,73;809,3;3,402;Drift
27-10-2024 04:36;79,71;809,3;3,393;Drift
27-10-2024 04:37;79,68;809,3;3,383;Drift
27-10-2024 04:38;79,66;809,3;3,374;Drift
27-10-2024 04:39;79,63;809,4;3,364;Drift
27-10-2024 04:40;79,60;809,4;3,354;Drift
27-10-2024 04:41;79,57;809,5;3,343;Drift
27-10-2024 04:42;79,53;809,5;3,332;Drift
27-10-2024 04:43;79,50;809,6;3,322;Drift
27-10-2024 04:44;79,47;809,6;3,310;Drift
27-10-2024 04:45;79,43;809,7;3,299;Drift
27-10-2024 04:46;79,40;809,8;3,288;Drift
27-10-2024 04:47;79,36;809,8;3,276;Drift
27-10-2024 04:48;79,33;809,9;3,265;Drift
27-10-2024 04:49;79,29;810,0;3,253;Drift
27-10-2024 04:50;79,25;810,1;3,241;Drift
27-10-2024 04:51;79,21;810,2;3,229;Drift
27-10-2024 04:52;79,17;810,2;3,217;Drift
27-10-2024 04:53;79,13;810,3;3,205;Drift
27-10-2024 04:54;79,09;810,4;3,193;Drift
27-10-2024 04:55;79,04;810,5;3,181;Drift
27-10-2024 04:56;79,00;810,6;3,169;Drift
27-10-2024 04:57;78,96;810,7;3,157;Drift
27-10-2024 04:58;78,91;810,8;3,145;Drift
27-10-2024 04:59;78,87;810,9;3,134;Drift
27-10-2024 05:00;78,82;810,9;3,122;Drift
27-10-2024 05:01;78,78;811,0;3,111;Drift
27-10-2024 05:02;78,73;811,1;3,099;Drift
27-10-2024 05:03;78,69;811,2;3,088;Drift
27-10-2024 05:04;78,64;811,2;3,077;Drift
27-10-2024 05:05;78,59;811,3;3,066;Drift
27-10-2024 05:06;78,54;811,4;3,055;Drift
27-10-2024 05:07;78,49;811,4;3,045;Drift
27-10-2024 05:08;78,45;811,5;3,035;Drift
27-10-2024 05:09;78,40;811,5;3,025;Drift
27-10-2024 05:10;78,35;811,6;3,015;Drift
27-10-2024 05:11;78,30;811,6;3,006;Drift
27-10-2024 05:12;78,25;811,7;2,997;Drift
27-10-2024 05:13;78,20;811,7;2,988;Drift
27-10-2024 05:14;78,15;811,8;2,980;Drift
27-10-2024 05:15;78,10;811,8;2,972;Drift
27-10-2024 05:16;78,05;811,9;2,964;Drift
27-10-2024 05:17;78,00;811,9;2,957;Drift
27-10-2024 05:18;77,95;812,0;2,950;Drift
27-10-2024 05:19;77,90;812,0;2,944;Drift
27-10-2024 05:20;77,85;812,1;2,938;Drift
27-10-2024 05:21;77,80;812,1;2,932;Drift
27-10-2024 05:22;77,75;812,2;2,927;Drift
27-10-2024 05:23;77,70;812,3;2,922;Drift
27-10-2024 05:24;77,65;812,3;2,918;Drift
27-10-2024 05:25;77,60;812,4;2,914;Drift
27-10-2024 05:26;77,55;812,5;2,911;Drift
27-10-2024 05:27;77,50;812,6;2,908;Drift
27-10-2024 05:28;77,46;812,6;2,905;Prøve
27-10-2024 05:29;77,41;812,7;2,903;Drift
27-10-2024 05:30;77,36;812,8;2,902;Drift
27-10-2024 05:31;77,31;812,9;2,901;Drift
27-10-2024 05:32;77,27;813,0;2,900;Drift
27-10-2024 05:33;77,22;813,1;2,900;Drift
27-10-2024 05:34;77,17;813,2;2,900;Drift
27-10-2024 05:35;77,13;813,3;2,901;Drift
27-10-2024 05:36;77,08;813,4;2,903;Drift
27-10-2024 05:37;77,04;813,5;2,904;Drift
27-10-2024 05:38;77,00;813,6;2,907;Drift
27-10-2024 05:39;76,95;813,7;2,909;Drift
27-10-2024 05:40;76,91;813,7;2,913;Drift
27-10-2024 05:41;76,87;813,8;2,916;Drift
27-10-2024 05:42;76,83;813,9;2,921;Drift
27-10-2024 05:43;76,79;814,0;2,925;Drift
27-10-2024 05:44;76,75;814,1;2,930;Drift
27-10-2024 05:45;76,71;814,1;2,936;Drift
27-10-2024 05:46;76,67;814,2;2,941;Drift
27-10-2024 05:47;76,64;814,2;2,948;Drift
27-10-2024 05:48;76,60;814,3;2,954;Drift
27-10-2024 05:49;76,56;814,3;2,962;Drift
27-10-2024 05:50;76,53;814,4;2,969;Drift
27-10-2024 05:51;76,50;814,4;2,977;Drift
27-10-2024 05:52;76,46;814,5;2,985;Drift
27-10-2024 05:53;76,43;814,5;2,994;Drift
27-10-2024 05:54;76,40;814,5;3,002;Drift
27-10-2024 05:55;76,37;814,5;3,012;Drift
27-10-2024 05:56;76,34;814,5;3,021;Drift
27-10-2024 05:57;76,32;814,5;3,031;Drift
27-10-2024 05:58;76,29;814,6;3,041;Drift
27-10-2024 05:59;76,26;814,6;3,051;Drift
